{"cameraMode":{"drawMode":0,"name":"Shaded","section":"Shading Mode"},"sceneLighting":false,"audioPlay":false,"sceneViewState":{"showFog":true,"showMaterialUpdate":false,"showSkybox":false,"showFlares":true,"showImageEffects":true,"showParticleSystems":true},"in2DMode":false,"pivot":{"x":-3.5799999237060549,"y":-2.4059998989105226,"z":0.8500000238418579},"rotation":{"x":0.36939066648483279,"y":-0.13314276933670045,"z":0.05355209857225418,"w":0.918160617351532},"size":0.4888126254081726,"orthographic":false}