{"cameraMode":{"drawMode":0,"name":"Shaded","section":"Shading Mode"},"sceneLighting":true,"audioPlay":false,"sceneViewState":{"showFog":true,"showMaterialUpdate":false,"showSkybox":true,"showFlares":true,"showImageEffects":true,"showParticleSystems":true},"in2DMode":false,"pivot":{"x":-34.41421890258789,"y":5.3358540534973148,"z":8.313712120056153},"rotation":{"x":-0.07238131016492844,"y":-0.6652085781097412,"z":-0.06509905308485031,"w":0.740337073802948},"size":41.532066345214847,"orthographic":false}